Строка;Было;Стало;Действие;Вердикт сверки;Наименование
20;ККО ?;ККО;снят «?»;OK;Техническое обследование состояния несущих конструкций помещения с подготовкой рекомендаций по усилению в зоне расположе
302;ИНФРАСТРУКТУРА ?;ИНФРАСТРУКТУРА;снят «?»;OK;"Раздвижная стеклянная перегородка Dorma, профильRAL 9017. Rw-45dB 
Под фальшполом предусмотреть звукоизоляционную отсечк"
308;ККО ?;ККО;снят «?»;OK;Цилиндр с заверткой для нижнего замка
309;ККО ?;ККО;снят «?»;OK;Цилиндр с заверткой для среднего замка
356;ККО;;очищено;НЕ ПОДТВЕРЖДЕНО;"Облицовка стен керамической плиткой 200*500  Amsterdam graphite  "" Ctramica Konskie"" с затиркой швов."
357;ККО;;очищено;НЕ ПОДТВЕРЖДЕНО;"Облицовка стен керамической плиткой 200*500 ""Graphit"" коллекциии ""Oxford"" "" Ctramica Konskie"" с затиркой швов."
358;ККО ?;;очищено;НЕ ПОДТВЕРЖДЕНО;Облицовка стен керамической плиткой Mountain silver 25х50 с затиркой швов.
359;ККО ?;;очищено;НЕ ПОДТВЕРЖДЕНО;Облицовка стен керамической плиткой Frida gray 30х60 с затиркой швов.
360;ККО ?;;очищено;НЕ ПОДТВЕРЖДЕНО;Atlas Concorde Rin. Grey 60x120/Ринашенте Грей 60X120 с затиркой швов
361;ККО ?;;очищено;НЕ ПОДТВЕРЖДЕНО;Atlas Concorde Rin. Grey 80x80/Ринашенте Грей 80X80 с затиркой швов
362;ККО ?;;очищено;НЕ ПОДТВЕРЖДЕНО;Atlas Concorde Rinascente SMOKE 600х1200х9 с затиркой швов.
363;ККО ?;;очищено;НЕ ПОДТВЕРЖДЕНО;Atlas Concorde Rinascente PEARL 600х1200х9 с затиркой швов.
364;ККО ?;;очищено;НЕ ПОДТВЕРЖДЕНО;Atlas Concorde Rinascente IVORY 600х1200х9 с затиркой швов.
365;ККО ?;;очищено;НЕ ПОДТВЕРЖДЕНО;Atlas Concorde  Forte dei Marmi Rock Tiffany White 60x120 Mat с затиркой швов
366;ККО ?;;очищено;НЕ ПОДТВЕРЖДЕНО;Atlas Concorde  Forte dei Marmi Rock Tiffany White 80x160 Mat с затиркой швов
367;ККО;;очищено;НЕ ПОДТВЕРЖДЕНО;"Бордюр 500*15 ""Szklana T40""  коллекциии ""Oxford"" "" Ctramica Konskie"" с затиркой швов."
374;ИНФРАСТРУКТУРА ?;;очищено;НЕ ПОДТВЕРЖДЕНО;ДЕКОРАТИВНЫЕ АКУСТИЧЕСКИЕ ОБОИ Цвет: FE Light blue 60
375;ИНФРАСТРУКТУРА ?;;очищено;НЕ ПОДТВЕРЖДЕНО;ДЕКОРАТИВНЫЕ АКУСТИЧЕСКИЕ ОБОИ Цвет: FE Light blue 60
390;ККО;;очищено;НЕ ПОДТВЕРЖДЕНО;Устройство каркаса из бруса 100*200
391;ККО;;очищено;НЕ ПОДТВЕРЖДЕНО;Устройство лаг 75*75
392;ККО;;очищено;НЕ ПОДТВЕРЖДЕНО;Устройство пола в кассу из фанеры 1500*1500*12
401;ИНФРАСТРУКТУРА ?;;очищено;НЕ ПОДТВЕРЖДЕНО;Установка фальшпола 600*600*38мм, тип 38 AL/ST, с учетом подрезки 10%
402;ИНФРАСТРУКТУРА ?;;очищено;НЕ ПОДТВЕРЖДЕНО;Установка  фальшпола из сульфата кальция 600*600*30,5mm с учетом подрезки 10%
414;ККО;;очищено;НЕ ПОДТВЕРЖДЕНО;"Облицовка полов керамической плиткой 333*333 ""Dalia"" коллекциии ""Oxford"" "" Ctramica Konskie"" с затиркой швов."
415;ИНФРАСТРУКТУРА ?;;очищено;НЕ ПОДТВЕРЖДЕНО;Облицовка полов керамогранитом Italon CONTEMPORA PURE 600*600 с затиркой швовов
419;ККО ?;ККО;снят «?»;OK;Облицовка полов керамогранитом  Creto Style Ivory 600*600 с затиркой швов
432;ИНФРАСТРУКТУРА ?;ИНФРАСТРУКТУРА;снят «?»;OK;Устройство полов из ПВХ-плитки Gerflor Creation 70 CLIFTON 0556
437;ИНФРАСТРУКТУРА ?;ИНФРАСТРУКТУРА;снят «?»;OK;Коммерческая ПВХ плитка KBS Dark Cocrete, толщина 4мм или 5мм, размер 600Х600мм, КМ2 с учетом клея фиксатора и подрезки
456;ИНФРАСТРУКТУРА ?;;очищено;НЕ ПОДТВЕРЖДЕНО;Монтаж однопольного дверного блока (алюминиевый теплый профиль  3 петли, два врезных  замка сувального типа (количество 
457;ИНФРАСТРУКТУРА ?;;очищено;НЕ ПОДТВЕРЖДЕНО;Монтаж полуторапольного дверного блока (алюминиевый теплый профиль  3 петли, два врезных  замка сувального типа (количес
458;ИНФРАСТРУКТУРА ?;;очищено;НЕ ПОДТВЕРЖДЕНО;Монтаж двупольного дверного блока (алюминиевый теплый профиль  3 петли, два врезных  замка сувального типа (количество к
462;ККО ?;;очищено;НЕ ПОДТВЕРЖДЕНО;Дверной блок утепленый, полуторастворчатый размером по раме 2100Нх1400 мм (размер двери в свету 2000Нх1200 мм), полотна 
463;ККО ?;;очищено;НЕ ПОДТВЕРЖДЕНО;Доводчик на рабочую створку  NOTEDO DC-025-095 (со скользящим каналом). Доводчик на паразитную створку NOTEDO  DC-070 (п
470;ИНФРАСТРУКТУРА ?;;очищено;НЕ ПОДТВЕРЖДЕНО;Установка однопольного дверного блока в алюминиевом корпусе . Заполнение каленое стекло/ триплекс/ стеклопакет (согласов
471;ИНФРАСТРУКТУРА ?;;очищено;НЕ ПОДТВЕРЖДЕНО;Установка однопольного дверного блока в алюминиевом корпусе . Заполнение каленое стекло/ триплекс/ стеклопакет (согласов
472;ИНФРАСТРУКТУРА ?;;очищено;НЕ ПОДТВЕРЖДЕНО;Установка однопольного дверного блока в алюминиевом корпусе . Заполнение каленое стекло/ триплекс/ стеклопакет (согласов
497;ККО ?;;очищено;НЕ ПОДТВЕРЖДЕНО;Установка стопора дверного Standers, 3.5х3.2 см, нержавеющая сталь
517;ККО ?;;очищено;НЕ ПОДТВЕРЖДЕНО;Оклейка окон, стеклянных поверхностей дверных полотен пленкой ORACAL 641000М
525;ККО;;очищено;НЕ ПОДТВЕРЖДЕНО;Установка доводчиков на бронированных металлических  дверях
531;ККО ?;ККО;снят «?»;СКОРЕЕ ВЕРНО;Передаточный (подвижный, двухуровневый)  лоток  для передачи 5-ти банковских упаковок   по 1000 листов Габаритные размер
535;ККО;;очищено;НЕ ПОДТВЕРЖДЕНО;Монтаж переговорного устройство DD-205T
536;ККО ?;ККО;снят «?»;OK;Панели защитные, стеновые кл. Бр-2 по пулестойкости и II класс взломостойкости, сварное соединение, облегченные, Покраск
537;ККО ?;ККО;снят «?»;OK;Панели защитные, стеновые кл. Бр-3 по пулестойкости и III класс взломостойкости, сварное соединение, облегченные, Покрас
538;ККО ?;ККО;снят «?»;OK;Панели защитные, стеновые V класс взломостойкости, сварное соединение, бетонно-заливная. Покраска грунт
689;ККО ?;ККО;снят «?»;СКОРЕЕ ВЕРНО;Установка унитаза пр-во  JIKA BALTIC(в комплекте с бачком, сиденьем, запорной арматурой)
690;ККО ?;ККО;снят «?»;СКОРЕЕ ВЕРНО;Установка умывальника JIKA ZETA (в комплекте с пъедесталом JIKA, включая смеситель и гибкие подводки , сифон, кронштейны
691;ККО ?;ККО;снят «?»;СКОРЕЕ ВЕРНО;Установка унитаза Jacob Delafon Escale 19038(в комплекте с бачком, сиденьем, запорной арматурой)
692;ККО ?;ККО;снят «?»;СКОРЕЕ ВЕРНО;Установка умывальника Jacob Delafon Escale E1211  гибкие подводки , сифон, кронштейны)
693;ККО ?;ККО;снят «?»;СКОРЕЕ ВЕРНО;Установка системы инсталяции Geberit Duofix UP320 111.300.00.5
694;ККО ?;ККО;снят «?»;СКОРЕЕ ВЕРНО;Установка унитаза подвесного AlBANO BB120CHR, безободкового с креплением P-trap, с сиденьем ALBANO BB120SC и кнопкой сли
695;ККО ?;;очищено;НЕ ПОДТВЕРЖДЕНО;Установка раковины Catalano Premium 40*32, белая. Арт. 140VP00. в комплекте с сифоном AlcaPlast A400 Black, подводкой и 
696;ККО ?;ККО;снят «?»;СКОРЕЕ ВЕРНО;Установка унитаза подвесногоPure 36,5х54 см Арт. 8204230000001, сиденье для унитаза Pure дюропласт, с микролифтом  и кно
698;ККО ?;;очищено;НЕ ПОДТВЕРЖДЕНО;Унитаз подвесной безободковый (сиденье микролифт) SL-5007
699;ККО ?;;очищено;НЕ ПОДТВЕРЖДЕНО;Смеситель сенсорный Swedbe Europe 6000-220.
700;ККО ?;;очищено;НЕ ПОДТВЕРЖДЕНО;CN6014 Умывальник чаша накладная круглая Element 435*435*135мм
701;ККО ?;;очищено;НЕ ПОДТВЕРЖДЕНО;ES3300 CREAVIT Кран для писсуара сенсорный
702;ККО ?;;очищено;НЕ ПОДТВЕРЖДЕНО;Раковина Creavit Next NX242-00CB00E-0000 белая   (Ширина: 500 мм,  Высота: 130 мм, Глубина: 400 мм)
703;ККО ?;;очищено;НЕ ПОДТВЕРЖДЕНО;HB80 Сифон для раковины Haiba хром
704;ККО ?;;очищено;НЕ ПОДТВЕРЖДЕНО;HB66 Донный клапан для раковины Haiba без перелива, хром
705;ККО ?;;очищено;НЕ ПОДТВЕРЖДЕНО;E253701 i.life Писсуар, задняя подводка, с крепежами и фитингами в комплекте. Безободковая чаша без
706;ККО ?;ККО;снят «?»;СКОРЕЕ ВЕРНО;R016367 Универсальная рама для монтажа писсуара Ideal Standard PROSYS
707;ККО ?;;очищено;НЕ ПОДТВЕРЖДЕНО;Инсталляция для подвесного унитаза Aquatek Standart 37 INS-0000017, кнопка Акватек KDI-0000016 хром, KKI-0000002 Комплек
708;ККО ?;ККО;снят «?»;СКОРЕЕ ВЕРНО;Установка унитаза пр-во  JIKA BALTIC(в комплекте с бачком, сиденьем, запорной арматурой)
709;ККО ?;ККО;снят «?»;СКОРЕЕ ВЕРНО;Установка  Умывальника SantiLine SL-2005  в комплекте с сифоном из нержавеющей стали  Viega 100674 Хром
710;ККО ?;ККО;снят «?»;СКОРЕЕ ВЕРНО;Установка смесителя для раковины  IDEAL STANDARD CERALINE BC193AA однорычажный, хром
711;ККО ?;;очищено;НЕ ПОДТВЕРЖДЕНО;Инсталляция для подвесного унитаза Aquatek Standart 37 INS-0000017, кнопка Акватек KDI-0000016 хром
712;ККО ?;;очищено;НЕ ПОДТВЕРЖДЕНО;Установка смеситетеля  гигиенического Ideal Standart DB130AA
713;ККО ?;;очищено;НЕ ПОДТВЕРЖДЕНО;Установка смесителя для раковины Damixa Jupiter 770230001 с гигиеническим душем, хром
714;ККО ?;;очищено;НЕ ПОДТВЕРЖДЕНО;смеситель Swedbe Europe 6000-220.
715;ККО ?;;очищено;НЕ ПОДТВЕРЖДЕНО;Рама для монтажа PROSYS R016367 писсуара с задней подводкой
716;ККО ?;;очищено;НЕ ПОДТВЕРЖДЕНО;LEMARK Смывное устройство для писсуара, сенсорное, встраиваемое
719;ККО ?;ККО;снят «?»;СКОРЕЕ ВЕРНО;Смеситель GROHE Eurosmart
724;ККО ?;ККО;снят «?»;СКОРЕЕ ВЕРНО;Установка унитаза Ideal Standard Connect Cube E 8036 01 + Е7970 01 ( с крышкой дюропласт E 7128 01) в комплекте
725;ККО ?;ККО;снят «?»;СКОРЕЕ ВЕРНО;Установка унитаза Ideal Standard TONIC II (Напольный пристенный унитаз для монтажа с бачком, с сидением и крышкой станда
727;ККО ?;ККО;снят «?»;СКОРЕЕ ВЕРНО;Монтаж раковины Jacob Delafon Struktura 65x48 см фарфор, цвет белый (в комплекте с крепежом и сифоном хром)
729;ККО ?;;очищено;НЕ ПОДТВЕРЖДЕНО;Монтаж смесителя Hansgrohe Focus S 31764 для душа, скрытого монтажа, однозахватного (комплект)
730;ККО ?;;очищено;НЕ ПОДТВЕРЖДЕНО;Монтаж гигиенического ручного душа Hansgrohe, шланг 1,6м, настенный держатель ( арт.3212800)
731;ККО ?;ККО;снят «?»;СКОРЕЕ ВЕРНО;Установка писсуара Jika DOMINO без сенсора с отв.для распылителя 4110.1(в комплекте с  запорной арматурой)
769;ККО ?;;очищено;НЕ ПОДТВЕРЖДЕНО;"твек. 6.7. Кронштейн ""DUETTO"" штырьевой бел. плоский 9х220"
770;ККО ?;;очищено;НЕ ПОДТВЕРЖДЕНО;твек. 6.7.01 Кронштейн  штырьевой бел. плоский 9х260
771;ККО ?;;очищено;НЕ ПОДТВЕРЖДЕНО;твек. 6.8. Кронштейн SIRA RS штырьевой белый плоский 1,8 9х220
772;ККО ?;;очищено;НЕ ПОДТВЕРЖДЕНО;"твек. 7.3. Кронштейн угл. универс. бел. ""ЭЛЕГАНС"" (2,0)"
773;ККО ?;;очищено;НЕ ПОДТВЕРЖДЕНО;"твек. 7.8. Кронштейн усил. угловой универсальный белый ""Элеганс"" 1,7"
774;ККО ?;;очищено;НЕ ПОДТВЕРЖДЕНО;КОМПЛЕКТ МОНТАЖНЫЙ 1/2 универсальный белый без кронштейнов
775;ККО ?;;очищено;НЕ ПОДТВЕРЖДЕНО;КОМПЛЕКТ МОНТАЖНЫЙ 3/4 универсальный белый без кронштейнов
776;ККО ?;;очищено;НЕ ПОДТВЕРЖДЕНО;Наценка на радиатор с нп Комплектация для радиатора с НП ( клапан термостатический с комплектующими , монтажный комплект
777;ККО ?;;очищено;НЕ ПОДТВЕРЖДЕНО;"Узел подключения радиатора H-образный Arrowhead Element, прямой, 3/4""- 3/4"" (без ниппелей)"
778;ККО ?;;очищено;НЕ ПОДТВЕРЖДЕНО;Трубка РЕХАУ из. нерж. стали для подкл. радиатора, Г-образная 16/250
779;ККО ?;;очищено;НЕ ПОДТВЕРЖДЕНО;Резьбозажимное соединение РЕХАУ для металлической трубки G 3/4 -15
815;ККО ?;;очищено;НЕ ПОДТВЕРЖДЕНО;Радиатор стальной с нижним подключением Kermi Profil-V, в комплекте с кронштейнами Type11 500x500
816;ККО ?;;очищено;НЕ ПОДТВЕРЖДЕНО;Радиатор стальной с нижним подключением Kermi Profil-V, в комплекте с кронштейнами Type11 1000x500
817;ККО ?;;очищено;НЕ ПОДТВЕРЖДЕНО;Радиатор стальной с нижним подключением Kermi Profil-V, в комплекте с кронштейнами Type11 1200x500
818;ККО ?;;очищено;НЕ ПОДТВЕРЖДЕНО;Радиатор стальной с нижним подключением Kermi Profil-V, в комплекте с кронштейнами Type11 1500x500
819;ККО ?;;очищено;НЕ ПОДТВЕРЖДЕНО;Радиатор стальной с нижним подключением Royal Thermo, в комплекте с кронштейнами Ventil COMPACT VC 500x500
820;ККО ?;;очищено;НЕ ПОДТВЕРЖДЕНО;Радиатор стальной с нижним подключением Royal Thermo, в комплекте с кронштейнами Ventil COMPACT VC 1000x500
821;ККО ?;;очищено;НЕ ПОДТВЕРЖДЕНО;Радиатор стальной с нижним подключением Royal Thermo, в комплекте с кронштейнами Ventil COMPACT VC 1200x500
822;ККО ?;;очищено;НЕ ПОДТВЕРЖДЕНО;Радиатор стальной с нижним подключением Royal Thermo, в комплекте с кронштейнами Ventil COMPACT VC 1500x500
932;ККО ?;ККО;снят «?»;OK;Приточно-вытяжная установка Globalvent  iСLIMATE-038+ E (либо аналог в соответствии с ТЗ) включая дополнительный нагрева
933;ККО ?;ККО;снят «?»;OK;Приточно-вытяжная установка Globalvent  iСLIMATE-042 E (либо аналог в соответствии с ТЗ) включая дополнительный нагреват
934;ККО ?;ККО;снят «?»;OK;Приточно-вытяжная установка Globalvent  iСLIMATE-042+ E (либо аналог в соответствии с ТЗ) включая дополнительный нагрева
935;ККО ?;ККО;снят «?»;OK;Приточно-вытяжная установка Globalvent  iСLIMATE-050 E (либо аналог в соответствии с ТЗ) включая дополнительный нагреват
936;ККО ?;ККО;снят «?»;OK;Приточно-вытяжная установка Globalvent  iСLIMATE-050i+ E (либо аналог в соответствии с ТЗ) включая дополнительный нагрев
937;ККО ?;;очищено;НЕ ПОДТВЕРЖДЕНО;Компактная воздушно-тепловая завеса КЭВ-3П1154Е с пультом
938;ККО ?;;очищено;НЕ ПОДТВЕРЖДЕНО;Компактная воздушно-тепловая завеса КЭВ-6П2212E с пультом
939;ККО ?;;очищено;НЕ ПОДТВЕРЖДЕНО;Компактная воздушно-тепловая завеса КЭВ-9П3012E с пультом
940;ККО ?;;очищено;НЕ ПОДТВЕРЖДЕНО;Компактная воздушно-тепловая завеса КЭВ-12П3042E с пультом
941;ККО ?;;очищено;НЕ ПОДТВЕРЖДЕНО;Приточный очиститель воздуха Тион Бризер 4S Magic
979;ККО ?;;очищено;НЕ ПОДТВЕРЖДЕНО;Комплект воздуховодов, диффузоров (металлические), решеток, в системы воздухообмена, тройников, отводов, теплоизоляции, 
1075;ККО ?;;очищено;НЕ ПОДТВЕРЖДЕНО;Прокладка 1м.п трассы для системы кондиционирования (фреоно трассы, трубы холодоснабжения,  теплоизоляция, крепежные дет
1079;ККО ?;;очищено;НЕ ПОДТВЕРЖДЕНО;ГРЩ(1)
1080;ККО ?;;очищено;НЕ ПОДТВЕРЖДЕНО;ГРЩ(2)
1081;ККО ?;;очищено;НЕ ПОДТВЕРЖДЕНО;ЩС(1)
1082;ККО ?;;очищено;НЕ ПОДТВЕРЖДЕНО;ЩС(2)
1083;ККО ?;;очищено;НЕ ПОДТВЕРЖДЕНО;ЩСБ
1084;ККО ?;;очищено;НЕ ПОДТВЕРЖДЕНО;ЩИБП
1085;ККО ?;;очищено;НЕ ПОДТВЕРЖДЕНО;ППУ
1086;ККО ?;;очищено;НЕ ПОДТВЕРЖДЕНО;ЩР (НАНО 1-ф)
1087;ККО ?;;очищено;НЕ ПОДТВЕРЖДЕНО;ЩР (НАНО 3-ф)
1102;ККО ?;;очищено;НЕ ПОДТВЕРЖДЕНО;Лоток металлический неперфорированный 100х50х3000 0.7мм S3 с углами вертикальными (45-90), горизонтальными, крышками, пе
1103;ККО ?;;очищено;НЕ ПОДТВЕРЖДЕНО;Лоток металлический неперфорированный 200х50х3000 0.7мм S3 с углами вертикальными (45-90), горизонтальными, крышками, пе
1113;ККО ?;ККО;снят «?»;СКОРЕЕ ВЕРНО;Установка розетки двойной Schneider Electric Blanca с заземлением, открытый монтаж, цвет – Алюминий
1128;ИНФРАСТРУКТУРА;;очищено;НЕ ПОДТВЕРЖДЕНО;Шинопровод 3м (черный) (белый)
1129;ИНФРАСТРУКТУРА;;очищено;НЕ ПОДТВЕРЖДЕНО;Шинопровод 3м (черный) (белый)
1130;ИНФРАСТРУКТУРА;;очищено;НЕ ПОДТВЕРЖДЕНО;Шинопровод 3м (черный) (белый)
1131;ИНФРАСТРУКТУРА;;очищено;НЕ ПОДТВЕРЖДЕНО;Шинопровод 1м (черный) (белый)
1132;ИНФРАСТРУКТУРА;;очищено;НЕ ПОДТВЕРЖДЕНО;Шинопровод 3м (черный) (белый)
1133;ИНФРАСТРУКТУРА;;очищено;НЕ ПОДТВЕРЖДЕНО;Шинопровод 1м (черный) (белый)
1134;ИНФРАСТРУКТУРА;;очищено;НЕ ПОДТВЕРЖДЕНО;Шинопровод 3м (черный) (белый)
1135;ИНФРАСТРУКТУРА;;очищено;НЕ ПОДТВЕРЖДЕНО;Шинопровод 2м (белый)
1136;ИНФРАСТРУКТУРА;;очищено;НЕ ПОДТВЕРЖДЕНО;Шинопровод 3м (черный) (белый)
1191;ККО ?;ККО;снят «?»;СКОРЕЕ ВЕРНО;Выключатель нагрузки OT40E3, 40А, ABB
1192;ККО ?;ККО;снят «?»;СКОРЕЕ ВЕРНО;Выключатель нагрузки OT45E3, 45А, ABB
1193;ККО ?;ККО;снят «?»;СКОРЕЕ ВЕРНО;Выключатель нагрузки OT63E3, 63А, ABB
1194;ККО ?;ККО;снят «?»;СКОРЕЕ ВЕРНО;Выключатель нагрузки OT80F3, 80А, ABB
1198;ККО ?;ККО;снят «?»;СКОРЕЕ ВЕРНО;Устройство защитного отключения 2пол. тип A 16A 10mA F202 A-16/0,01 ABB
1201;ККО ?;ККО;снят «?»;СКОРЕЕ ВЕРНО;Устройство защитного отключения 2пол. тип AC 16A 10mA F202 AC-16/0,01 ABB
1202;ККО ?;ККО;снят «?»;СКОРЕЕ ВЕРНО;Устройство защитного отключения 2пол. тип AC 25A 300mA F202 AC-25/0,3 ABB
1205;ККО ?;ККО;снят «?»;СКОРЕЕ ВЕРНО;Устройство защитного отключения 2пол. тип AC 40A 100mA F202 AC-40/0,1 ABB
1209;ККО ?;ККО;снят «?»;СКОРЕЕ ВЕРНО;Устройство защитного отключения 2пол. тип AC 63A 300mA F202 AC-63/0,3 ABB
1211;ККО ?;ККО;снят «?»;СКОРЕЕ ВЕРНО;Устройство защитного отключения 4пол. F204 AC-40/0,1 ABB
1215;ККО ?;ККО;снят «?»;СКОРЕЕ ВЕРНО;Устройство защитного отключения 4пол. тип AC 40A 300mA F204 AC-40/0,3 ABB
1218;ККО ?;ККО;снят «?»;СКОРЕЕ ВЕРНО;Устройство защитного отключения 4пол. тип AC 63A 100mA F204 AC-63/0,1 ABB
1219;ККО ?;ККО;снят «?»;СКОРЕЕ ВЕРНО;Устройство защитного отключения 4пол. тип AC 63A 300mA F204 AC-63/0,3 ABB
1222;ККО ?;ККО;снят «?»;СКОРЕЕ ВЕРНО;Устройство защитного отключения 4пол. тип AC 80A 300mA F204 AC-80/0,3 ABB
1223;ККО ?;ККО;снят «?»;СКОРЕЕ ВЕРНО;Устройство защитного отключения 4пол. тип AC 100A 300mA F204 AC-100/0,3 ABB
1224;ККО ?;ККО;снят «?»;СКОРЕЕ ВЕРНО;Устройство защитного отключения 4пол. тип AC 125A 300mA F204 AC-125/0,3 ABB
1342;ККО ?;;очищено;НЕ ПОДТВЕРЖДЕНО;АВДТ с защитой от сверхтоков OptiDin D63-22C10-A-УХЛ4 (2Р, С10, 30mA)
1343;ККО ?;;очищено;НЕ ПОДТВЕРЖДЕНО;АВДТ с защитой от сверхтоков OptiDin D63-22C16-A-УХЛ4 (2Р, С16, 30mA)
1344;ККО ?;;очищено;НЕ ПОДТВЕРЖДЕНО;АВДТ с защитой от сверхтоков OptiDin D63-22C20-A-УХЛ4 (2Р, С20, 30mA)
1345;ККО ?;;очищено;НЕ ПОДТВЕРЖДЕНО;АВДТ с защитой от сверхтоков OptiDin D63-22C25-A-УХЛ4 (2Р, С25, 30mA)
1346;ККО ?;;очищено;НЕ ПОДТВЕРЖДЕНО;АВДТ с защитой от сверхтоков OptiDin D63-22C32-A-УХЛ4 (2Р, С32, 30mA)
1347;ККО ?;;очищено;НЕ ПОДТВЕРЖДЕНО;АВДТ с защитой от сверхтоков OptiDin D63-22C40-A-УХЛ4 (2Р, С40, 30mA)
1348;ККО ?;;очищено;НЕ ПОДТВЕРЖДЕНО;АВДТ с защитой от сверхтоков OptiDin D6322C16AУЗ 6кА (2Р, С16, 30mA)
1349;ККО ?;;очищено;НЕ ПОДТВЕРЖДЕНО;АВДТ с защитой от сверхтоков OptiDin D63-22C20-A-УЗ 6кА (2Р, С20, 30mA)
1350;ККО ?;;очищено;НЕ ПОДТВЕРЖДЕНО;АВДТ с защитой от сверхтоков OptiDin D63-22C25-A-УЗ 6кА (2Р, С25, 30mA)
1351;ККО ?;;очищено;НЕ ПОДТВЕРЖДЕНО;АВДТ с защитой от сверхтоков OptiDin D63-22C32-A-УЗ 6кА (2Р, С32, 30mA)
1352;ККО ?;;очищено;НЕ ПОДТВЕРЖДЕНО;АВДТ с защитой от сверхтоков OptiDin D63-22C40-A-УЗ 6кА (2Р, С40, 30mA)
1353;ККО ?;;очищено;НЕ ПОДТВЕРЖДЕНО;Выключатель нагрузки модульный OptiDin BM63PL-120-УХЛ3 (ВМ63P)
1354;ККО ?;;очищено;НЕ ПОДТВЕРЖДЕНО;Выключатель нагрузки модульный OptiDin BM63PL-132-УХЛ3 (ВМ63PL)
1355;ККО ?;;очищено;НЕ ПОДТВЕРЖДЕНО;Выключатель нагрузки модульный OptiDin BM63PL-140-УХЛ3 (ВМ63PL)
1356;ККО ?;;очищено;НЕ ПОДТВЕРЖДЕНО;Выключатель нагрузки модульный OptiDin BM63PL-3100-УХЛ3 (ВМ63PL)
1357;ККО ?;;очищено;НЕ ПОДТВЕРЖДЕНО;Выключатель нагрузки модульный OptiDin BM63PL-3125-УХЛ3 (ВМ63PL)
1358;ККО ?;;очищено;НЕ ПОДТВЕРЖДЕНО;Выключатель нагрузки модульный OptiDin BM63PL 380 УХЛ3 (ВМ63PL)
1359;ККО ?;;очищено;НЕ ПОДТВЕРЖДЕНО;Выключатель нагрузки модульный OptiDin BM63PL 363 УХЛ3 (ВМ63PL)
1360;ККО ?;;очищено;НЕ ПОДТВЕРЖДЕНО;Выключатель нагрузки модульный OptiDin BM63PL 350 УХЛ3 (ВМ63PL)
1361;ККО ?;;очищено;НЕ ПОДТВЕРЖДЕНО;Выключатель нагрузки модульный OptiDin BM63PL 340 УХЛ3 (ВМ63PL)
1362;ККО ?;;очищено;НЕ ПОДТВЕРЖДЕНО;Выключатель нагрузки модульный OptiDin BM63PL 332 УХЛ3 (ВМ63PL)
1363;ККО ?;;очищено;НЕ ПОДТВЕРЖДЕНО;Выключатель автоматический модульный OptiDin BM63 1C10 УХЛ3
1364;ККО ?;;очищено;НЕ ПОДТВЕРЖДЕНО;Выключатель автоматический модульный OptiDin BM63 1C16 УХЛ3
1365;ККО ?;;очищено;НЕ ПОДТВЕРЖДЕНО;Выключатель автоматический модульный OptiDin BM63 1C20 УХЛ3
1366;ККО ?;;очищено;НЕ ПОДТВЕРЖДЕНО;Выключатель автоматический модульный OptiDin BM63 1C25 УХЛ3
1367;ККО ?;;очищено;НЕ ПОДТВЕРЖДЕНО;Выключатель автоматический модульный OptiDin BM63 1C32 УХЛ3
1368;ККО ?;;очищено;НЕ ПОДТВЕРЖДЕНО;Выключатель автоматический модульный OptiDin BM63 1C40 УХЛ3
1369;ККО ?;;очищено;НЕ ПОДТВЕРЖДЕНО;Выключатель автоматический модульный OptiDin BM63 1C50 УХЛ3
1370;ККО ?;;очищено;НЕ ПОДТВЕРЖДЕНО;Выключатель автоматический модульный OptiDin BM63 1C63 УХЛ3
1371;ККО ?;;очищено;НЕ ПОДТВЕРЖДЕНО;Выключатель автоматический модульный OptiDin BM63 1B6 УХЛ3
1372;ККО ?;;очищено;НЕ ПОДТВЕРЖДЕНО;Выключатель автоматический модульный OptiDin BM63 1B10 УХЛ3
1373;ККО ?;;очищено;НЕ ПОДТВЕРЖДЕНО;Выключатель автоматический модульный OptiDin BM63 1B16 УХЛ3
1374;ККО ?;;очищено;НЕ ПОДТВЕРЖДЕНО;Выключатель автоматический модульный OptiDin BM63 1B20 УХЛ3
1375;ККО ?;;очищено;НЕ ПОДТВЕРЖДЕНО;Выключатель автоматический модульный OptiDin BM63 1B25 УХЛ3
1376;ККО ?;;очищено;НЕ ПОДТВЕРЖДЕНО;Выключатель автоматический модульный OptiDin BM63 3C16 УХЛ3
1377;ККО ?;;очищено;НЕ ПОДТВЕРЖДЕНО;Выключатель автоматический модульный OptiDin BM63 3C20 УХЛ3
1378;ККО ?;;очищено;НЕ ПОДТВЕРЖДЕНО;Выключатель автоматический модульный OptiDin BM63 3C25 УХЛ3
1379;ККО ?;;очищено;НЕ ПОДТВЕРЖДЕНО;Выключатель автоматический модульный OptiDin BM63 3C32 УХЛ3
1380;ККО ?;;очищено;НЕ ПОДТВЕРЖДЕНО;Выключатель автоматический модульный OptiDin BM63 3C40 УХЛ3
1381;ККО ?;;очищено;НЕ ПОДТВЕРЖДЕНО;Выключатель автоматический модульный OptiDin BM63 3C50 УХЛ3
1382;ККО ?;;очищено;НЕ ПОДТВЕРЖДЕНО;Выключатель автоматический модульный OptiDin BM63 3C63 УХЛ3
1383;ККО ?;;очищено;НЕ ПОДТВЕРЖДЕНО;Выключатель автоматический модульный OptiDin BM63 3C80 УХЛ3
1384;ККО ?;;очищено;НЕ ПОДТВЕРЖДЕНО;Выключатель автоматический модульный OptiDin BM63 3C100 УХЛ3
1404;ККО ?;ККО;снят «?»;СКОРЕЕ ВЕРНО;Контактор модульный ABB ESB20-11 1НО+1НЗ
1405;ККО ?;ККО;снят «?»;СКОРЕЕ ВЕРНО;Контактор модульный ABB ESB20-11 2НО
1406;ККО ?;ККО;снят «?»;СКОРЕЕ ВЕРНО;Контактор модульный ABB ESB20-20
1407;ККО ?;ККО;снят «?»;СКОРЕЕ ВЕРНО;Контактор модульный ABB ESB24-31
1408;ККО ?;ККО;снят «?»;СКОРЕЕ ВЕРНО;Контактор модульный ABB ESB40-40
1409;ККО ?;ККО;снят «?»;СКОРЕЕ ВЕРНО;Контактор модульный ABB ESB63-40
1410;ККО ?;ККО;снят «?»;СКОРЕЕ ВЕРНО;Реле времени недельное ABB ATS
1411;ККО ?;ККО;снят «?»;СКОРЕЕ ВЕРНО;Реле освещенности ABB TW, Датчик освещенности ABB LS-SP
1419;ККО ?;ККО;снят «?»;СКОРЕЕ ВЕРНО;Электромеханический  недельный таймер ABB
1425;ККО ?;;очищено;НЕ ПОДТВЕРЖДЕНО;Консоль 400 мм BBH-60 усиленная
1426;ККО ?;;очищено;НЕ ПОДТВЕРЖДЕНО;Консоль усиленная 200мм
1428;ККО ?;;очищено;НЕ ПОДТВЕРЖДЕНО;Подвес вертикальный одиночный L=600мм
1429;ККО ?;;очищено;НЕ ПОДТВЕРЖДЕНО;Подвес вертикальный двойной 41х21 L 600
1432;ККО ?;ККО;снят «?»;СКОРЕЕ ВЕРНО;Установка одноклавишных выключателей  Schneider Electric BLANCA О/У 1-клавишный, 10А, 250B, цвет – Алюминий
1434;ИНФРАСТРУКТУРА ?;;очищено;НЕ ПОДТВЕРЖДЕНО;Светодиодная лента, IP65 Источник света: LED,14Вт/м, 4200К (основной свет в переговорных)
1435;ИНФРАСТРУКТУРА ?;;очищено;НЕ ПОДТВЕРЖДЕНО;Блок питания, 60Вт IP20 светодиодной ленты
1436;ИНФРАСТРУКТУРА ?;;очищено;НЕ ПОДТВЕРЖДЕНО;Алюминиевый профиль встраевыемый в гипсокартон для светодиодной ленты
1437;ККО;;очищено;НЕ ПОДТВЕРЖДЕНО;Подвес LGD-4TR-HANG-2-WH ©
1438;ККО;;очищено;НЕ ПОДТВЕРЖДЕНО;Коннектор прямой LGD-4TR-CON-LONG-WH
1439;ККО;;очищено;НЕ ПОДТВЕРЖДЕНО;Коннектор питания LGD-4TR-CON-POWER-L-WH
1440;ККО;;очищено;НЕ ПОДТВЕРЖДЕНО;Заглушка LGD-4TR-CAP-WH
1441;ККО;;очищено;НЕ ПОДТВЕРЖДЕНО;Коннектор внутренний LGD-4TR-CON-MINI-WH ©
1442;ККО;;очищено;НЕ ПОДТВЕРЖДЕНО;Зажим LGD-4TR-CLIP-WH ©
1444;ИНФРАСТРУКТУРА;;очищено;НЕ ПОДТВЕРЖДЕНО;Acc. Wire ↓ suspension 1500mm - Тросовый подвес с регулировкой внизу, 1 шт.
1445;ИНФРАСТРУКТУРА;;очищено;НЕ ПОДТВЕРЖДЕНО;LED strip N2835 11W/m 24V 120led/m 1220Lm/m 4000K CRI90 IP20 5m
1446;ИНФРАСТРУКТУРА;;очищено;НЕ ПОДТВЕРЖДЕНО;Led driver  N24V45W
1447;ИНФРАСТРУКТУРА;;очищено;НЕ ПОДТВЕРЖДЕНО;Led driver  N24V60W
1448;ИНФРАСТРУКТУРА;;очищено;НЕ ПОДТВЕРЖДЕНО;Led driver  N24V80W
1451;ИНФРАСТРУКТУРА;;очищено;НЕ ПОДТВЕРЖДЕНО;Усилитель стыка, (черный) (белый)
1452;ИНФРАСТРУКТУРА;;очищено;НЕ ПОДТВЕРЖДЕНО;Tросик 1,5м (серебро)
1453;ИНФРАСТРУКТУРА;;очищено;НЕ ПОДТВЕРЖДЕНО;Tросик 1,5м (серебро)
1454;ИНФРАСТРУКТУРА;;очищено;НЕ ПОДТВЕРЖДЕНО;Заглушка, (черная, белая)
1455;ИНФРАСТРУКТУРА;;очищено;НЕ ПОДТВЕРЖДЕНО;Tросик 1,5м (серебро)
1456;ИНФРАСТРУКТУРА;;очищено;НЕ ПОДТВЕРЖДЕНО;Заглушка, (черная, белая)
1457;ИНФРАСТРУКТУРА;;очищено;НЕ ПОДТВЕРЖДЕНО;Tросик 1,5м (серебро)
1458;ИНФРАСТРУКТУРА;;очищено;НЕ ПОДТВЕРЖДЕНО;Заглушка, (черная, белая)
1459;ИНФРАСТРУКТУРА;;очищено;НЕ ПОДТВЕРЖДЕНО;Tросик 1,5м (серебро)
1460;ИНФРАСТРУКТУРА;;очищено;НЕ ПОДТВЕРЖДЕНО;Заглушка, (черная, белая)
1461;ИНФРАСТРУКТУРА;;очищено;НЕ ПОДТВЕРЖДЕНО;Tросик 1,5м (серебро)
1468;ККО;;очищено;НЕ ПОДТВЕРЖДЕНО;Монтаж светильника аварийного потолочного  Навигатор  серии NEF-07 - 3 Вт, режим работы: постоянный/непостоянный, время 
1471;ККО;;очищено;НЕ ПОДТВЕРЖДЕНО;Монтаж Светильника аварийного потолочного  светильник PL CL 1.0 Pelastus
1472;ККО ?;;очищено;НЕ ПОДТВЕРЖДЕНО;Светильник светодиодный OWP OPTIMA LED 595 IP54/IP54 4000K mat Световые Технологии
1473;ККО ?;;очищено;НЕ ПОДТВЕРЖДЕНО;Светильник с зеркалом и SPC-RNG-600-LED-TCH, 12W, 220-240V, 600x30с подсветкой  и сенсорным выключателем belbagno арт. S
1474;ККО ?;ККО;снят «?»;СКОРЕЕ ВЕРНО;Установка розетки двойной накладной в запотолочном пространстве  Schneider
1490;ИНФРАСТРУКТУРА ?;;очищено;НЕ ПОДТВЕРЖДЕНО;Устнаовка СВЕТОДИОДНОГО ПОДВЕСНОГО СВЕТИЛЬНИКА MAYTONI NOLA MOD807-PL-02-60-W
1502;ККО;;очищено;НЕ ПОДТВЕРЖДЕНО;Светильник светодиодный линейный CSVT FLORA-50 27 993х50х70 CRI80 4000 microprisma IP40 красный AB (в комплекте с подвес
1503;ККО;;очищено;НЕ ПОДТВЕРЖДЕНО;Светильник светодиодный линейный CSVT FLORA-50 36 1540х50х70 CRI80 4000 microprisma IP40 красный AB (в комплекте с подве
1504;ККО;;очищено;НЕ ПОДТВЕРЖДЕНО;Светильник светодиодный линейный CSVT FLORA-50 52 1985х50х70 CRI80 4000 microprisma IP40 красный AB (в комплекте с подве
1505;ККО;;очищено;НЕ ПОДТВЕРЖДЕНО;Светильник светодиодный линейный CSVT FLORA-50 70 3040х50х70 CRI80 4000 microprisma IP40 красный AB (в комплекте с подве
1577;ИНФРАСТРУКТУРА;;очищено;НЕ ПОДТВЕРЖДЕНО;IEK Светильник ДСП 1318 48Вт 4500К IP65 1500мм
1578;ИНФРАСТРУКТУРА;;очищено;НЕ ПОДТВЕРЖДЕНО;IEK Светильник ДСП 1318 48Вт 4500К IP65 1500мм Emerg
1579;ИНФРАСТРУКТУРА;;очищено;НЕ ПОДТВЕРЖДЕНО;Внутренний стык к шинопроводу (черный) (белый)
1580;ИНФРАСТРУКТУРА;;очищено;НЕ ПОДТВЕРЖДЕНО;Левый токоподвод к шинопроводу (черный) (белый)
1581;ИНФРАСТРУКТУРА;;очищено;НЕ ПОДТВЕРЖДЕНО;Скоба крепления к шинопроводу (черный) (белый)
1582;ИНФРАСТРУКТУРА;;очищено;НЕ ПОДТВЕРЖДЕНО;Колпачок к шинопроводу (черный)
1584;ИНФРАСТРУКТУРА;;очищено;НЕ ПОДТВЕРЖДЕНО;Угол к шинопроводу (черный)
1585;ИНФРАСТРУКТУРА;;очищено;НЕ ПОДТВЕРЖДЕНО;Скоба крепления к шинопроводу (черный) (белый)
1586;ИНФРАСТРУКТУРА;;очищено;НЕ ПОДТВЕРЖДЕНО;Колпачок к шинопроводу (черный) (белый)
1588;ИНФРАСТРУКТУРА;;очищено;НЕ ПОДТВЕРЖДЕНО;Внутренний стык к шинопроводу (черный) (белый)
1589;ИНФРАСТРУКТУРА;;очищено;НЕ ПОДТВЕРЖДЕНО;Левый токоподвод к шинопроводу (черный) (белый)
1590;ИНФРАСТРУКТУРА;;очищено;НЕ ПОДТВЕРЖДЕНО;Скоба крепления к шинопроводу (черный) (белый)
1591;ИНФРАСТРУКТУРА;;очищено;НЕ ПОДТВЕРЖДЕНО;Колпачок к шинопроводу (черный) (белый)
1593;ИНФРАСТРУКТУРА;;очищено;НЕ ПОДТВЕРЖДЕНО;Внутренний стык к шинопроводу (черный) (белый)
1594;ИНФРАСТРУКТУРА;;очищено;НЕ ПОДТВЕРЖДЕНО;Левый токоподвод к шинопроводу (черный) (белый)
1595;ИНФРАСТРУКТУРА;;очищено;НЕ ПОДТВЕРЖДЕНО;Скоба крепления к шинопроводу (черный) (белый)
1596;ИНФРАСТРУКТУРА;;очищено;НЕ ПОДТВЕРЖДЕНО;Колпачок к шинопроводу (черный) (белый)
1598;ИНФРАСТРУКТУРА;;очищено;НЕ ПОДТВЕРЖДЕНО;Внутренний стык к шинопроводу (черный) (белый)
1599;ИНФРАСТРУКТУРА;;очищено;НЕ ПОДТВЕРЖДЕНО;Левый токоподвод к шинопроводу (черный) (белый)
1600;ИНФРАСТРУКТУРА;;очищено;НЕ ПОДТВЕРЖДЕНО;Скоба крепления к шинопроводу (черный) (белый)
1601;ИНФРАСТРУКТУРА;;очищено;НЕ ПОДТВЕРЖДЕНО;Колпачок к шинопроводу (черный) (белый)
1603;ИНФРАСТРУКТУРА;;очищено;НЕ ПОДТВЕРЖДЕНО;Левый токоподвод к шинопроводу (черный) (белый)
1604;ИНФРАСТРУКТУРА;;очищено;НЕ ПОДТВЕРЖДЕНО;Скоба крепления к шинопроводу (черный) (белый)
1605;ИНФРАСТРУКТУРА;;очищено;НЕ ПОДТВЕРЖДЕНО;Колпачок к шинопроводу (черный) (белый)
1611;ИНФРАСТРУКТУРА;;очищено;НЕ ПОДТВЕРЖДЕНО;LED лампа 13W/827 FR DIM E27 1521 lm
1612;ИНФРАСТРУКТУРА;;очищено;НЕ ПОДТВЕРЖДЕНО;LED лампа 13W/827 FR DIM E27 1521 lm
1613;ИНФРАСТРУКТУРА;;очищено;НЕ ПОДТВЕРЖДЕНО;LED лампа 13W/827 FR DIM E27 1521 lm
1635;ККО ?;ККО;снят «?»;СКОРЕЕ ВЕРНО;Установка розетки двойной накладной в запотолочном пространстве  Schneider
