Строка;Был тег;Раздел;Наименование;Действие
20;ККО;Р1;Техническое обследование состояния несущих конструкций помещения с подготовкой рекомендаций по усилению в зоне;очищено (нет в ББ)
689;ККО;Р5;Установка унитаза пр-во  JIKA BALTIC(в комплекте с бачком, сиденьем, запорной арматурой);очищено (нет в ББ)
690;ККО;Р5;Установка умывальника JIKA ZETA (в комплекте с пъедесталом JIKA, включая смеситель и гибкие подводки , сифон, ;очищено (нет в ББ)
691;ККО;Р5;Установка унитаза Jacob Delafon Escale 19038(в комплекте с бачком, сиденьем, запорной арматурой);очищено (нет в ББ)
692;ККО;Р5;Установка умывальника Jacob Delafon Escale E1211  гибкие подводки , сифон, кронштейны);очищено (нет в ББ)
693;ККО;Р5;Установка системы инсталяции Geberit Duofix UP320 111.300.00.5;очищено (нет в ББ)
694;ККО;Р5;Установка унитаза подвесного AlBANO BB120CHR, безободкового с креплением P-trap, с сиденьем ALBANO BB120SC и к;очищено (нет в ББ)
696;ККО;Р5;Установка унитаза подвесногоPure 36,5х54 см Арт. 8204230000001, сиденье для унитаза Pure дюропласт, с микролиф;очищено (нет в ББ)
706;ККО;Р5;R016367 Универсальная рама для монтажа писсуара Ideal Standard PROSYS;очищено (нет в ББ)
708;ККО;Р5;Установка унитаза пр-во  JIKA BALTIC(в комплекте с бачком, сиденьем, запорной арматурой);очищено (нет в ББ)
709;ККО;Р5;Установка  Умывальника SantiLine SL-2005  в комплекте с сифоном из нержавеющей стали  Viega 100674 Хром;очищено (нет в ББ)
719;ККО;Р5;Смеситель GROHE Eurosmart;очищено (нет в ББ)
724;ККО;Р5;Установка унитаза Ideal Standard Connect Cube E 8036 01 + Е7970 01 ( с крышкой дюропласт E 7128 01) в комплект;очищено (нет в ББ)
725;ККО;Р5;Установка унитаза Ideal Standard TONIC II (Напольный пристенный унитаз для монтажа с бачком, с сидением и крыш;очищено (нет в ББ)
727;ККО;Р5;Монтаж раковины Jacob Delafon Struktura 65x48 см фарфор, цвет белый (в комплекте с крепежом и сифоном хром);очищено (нет в ББ)
731;ККО;Р5;Установка писсуара Jika DOMINO без сенсора с отв.для распылителя 4110.1(в комплекте с  запорной арматурой);очищено (нет в ББ)
1061;ККО;Р8;Разветвитель FQG-B335A;очищено (нет в ББ)
1062;ККО;Р8;Разветвитель FQG-B506A;очищено (нет в ББ)
1063;ККО;Р8;Разветвитель FQZHN-01D MDV;очищено (нет в ББ)
1064;ККО;Р8;Разветвитель FQZHN-02D MDV;очищено (нет в ББ)
1065;ККО;Р8;Разветвитель FQZHN-03D MDV;очищено (нет в ББ)
1066;ККО;Р8;Разветвитель FQZHN-04D MDV;очищено (нет в ББ)
1067;ККО;Р8;Разветвитель FQZHN-05D MDV;очищено (нет в ББ)
1099;ККО;Р9;Кабель-канал DLP 105х50 мм Legrand, включая заглушки, уголки и разделители.;очищено (нет в ББ)
1113;ККО;Р9;Установка розетки двойной Schneider Electric Blanca с заземлением, открытый монтаж, цвет – Алюминий;очищено (нет в ББ)
1114;ККО;Р9;"Установка штепсельной розетки с заземлением в стену, 2P+E, с з/ш, DKC ""Avanti"", ""Белое облако"" (арт. 4400003),";очищено (нет в ББ)
1115;ККО;Р9;"Установка штепсельной розетки с заземлением  в стену, 2P+E, с з/ш, DKC ""Avanti"", ""Красный квадрат"" (арт. 44010";очищено (нет в ББ)
1116;ККО;Р9;"Установка штепсельной розетки с заземлением в стену, 2P+E, с з/ш, Legrand ""Etika"", с супортом и рамкой ""Белая""";очищено (нет в ББ)
1117;ККО;Р9;"Установка штепсельной розетки с заземлением в стену, 2P+E, с з/ш, Legrand ""Etika"", с супортом и рамкой ""Антрац";очищено (нет в ББ)
1118;ККО;Р9;"Установка одноклавишных выключателей  ""Legrand""  VALENA  с суппортом и  установочной коробкой Batibox";очищено (нет в ББ)
1119;ККО;Р9;"Установка двухклавишных выключателей  ""Legrand""  VALENA  с суппортом и  установочной коробкой Batibox";очищено (нет в ББ)
1124;ККО;Р9;"Установка одноклавишных выключателей  ""Legrand"" Этика  с суппортом и  установочной коробкой Batibox";очищено (нет в ББ)
1126;ККО;Р9;Распред коробка legrand;очищено (нет в ББ)
1176;ККО;Р9;Напольная коробка 18 модулей Legrand арт. 089611;очищено (нет в ББ)
1178;ККО;Р9;Щит  12 модулей, IP43, ABB или Legrand, с замком в комплекте с DIN-рейками, перемычками, шинами РЕ и N;очищено (нет в ББ)
1179;ККО;Р9;Щит  18 модулей, IP43, ABB или Legrand, с замком в комплекте с DIN-рейками, перемычками, шинами РЕ и N;очищено (нет в ББ)
1180;ККО;Р9;Щит  36 модулей, IP43, ABB или Legrand, с замком в комплекте с DIN-рейками, перемычками, шинами РЕ и N;очищено (нет в ББ)
1181;ККО;Р9;Щит  48 модулей, IP43, ABB или Legrand, с замком в комплекте с DIN-рейками, перемычками, шинами РЕ и N;очищено (нет в ББ)
1182;ККО;Р9;Щит  54 модулей, IP43, ABB или Legrand, с замком в комплекте с DIN-рейками, перемычками, шинами РЕ и N;очищено (нет в ББ)
1183;ККО;Р9;Щит  72 модулей, IP43, ABB или Legrand, с замком в комплекте с DIN-рейками, перемычками, шинами РЕ и N;очищено (нет в ББ)
1184;ККО;Р9;Щит  96 модулей, IP43, ABB или Legrand, с замком в комплекте с DIN-рейками, перемычками, шинами РЕ и N;очищено (нет в ББ)
1185;ККО;Р9;Щит  144 модулей, IP43, ABB или Legrand, с замком в комплекте с DIN-рейками, перемычками, шинами РЕ и N;очищено (нет в ББ)
1186;ККО;Р9;Щит  168 модулей, IP43, ABB или Legrand, с замком в комплекте с DIN-рейками, перемычками, шинами РЕ и N;очищено (нет в ББ)
1191;ККО;Р9;Выключатель нагрузки OT40E3, 40А, ABB;очищено (нет в ББ)
1192;ККО;Р9;Выключатель нагрузки OT45E3, 45А, ABB;очищено (нет в ББ)
1193;ККО;Р9;Выключатель нагрузки OT63E3, 63А, ABB;очищено (нет в ББ)
1194;ККО;Р9;Выключатель нагрузки OT80F3, 80А, ABB;очищено (нет в ББ)
1198;ККО;Р9;Устройство защитного отключения 2пол. тип A 16A 10mA F202 A-16/0,01 ABB;очищено (нет в ББ)
1201;ККО;Р9;Устройство защитного отключения 2пол. тип AC 16A 10mA F202 AC-16/0,01 ABB;очищено (нет в ББ)
1202;ККО;Р9;Устройство защитного отключения 2пол. тип AC 25A 300mA F202 AC-25/0,3 ABB;очищено (нет в ББ)
1205;ККО;Р9;Устройство защитного отключения 2пол. тип AC 40A 100mA F202 AC-40/0,1 ABB;очищено (нет в ББ)
1209;ККО;Р9;Устройство защитного отключения 2пол. тип AC 63A 300mA F202 AC-63/0,3 ABB;очищено (нет в ББ)
1211;ККО;Р9;Устройство защитного отключения 4пол. F204 AC-40/0,1 ABB;очищено (нет в ББ)
1215;ККО;Р9;Устройство защитного отключения 4пол. тип AC 40A 300mA F204 AC-40/0,3 ABB;очищено (нет в ББ)
1218;ККО;Р9;Устройство защитного отключения 4пол. тип AC 63A 100mA F204 AC-63/0,1 ABB;очищено (нет в ББ)
1219;ККО;Р9;Устройство защитного отключения 4пол. тип AC 63A 300mA F204 AC-63/0,3 ABB;очищено (нет в ББ)
1222;ККО;Р9;Устройство защитного отключения 4пол. тип AC 80A 300mA F204 AC-80/0,3 ABB;очищено (нет в ББ)
1223;ККО;Р9;Устройство защитного отключения 4пол. тип AC 100A 300mA F204 AC-100/0,3 ABB;очищено (нет в ББ)
1224;ККО;Р9;Устройство защитного отключения 4пол. тип AC 125A 300mA F204 AC-125/0,3 ABB;очищено (нет в ББ)
1404;ККО;Р9;Контактор модульный ABB ESB20-11 1НО+1НЗ;очищено (нет в ББ)
1405;ККО;Р9;Контактор модульный ABB ESB20-11 2НО;очищено (нет в ББ)
1406;ККО;Р9;Контактор модульный ABB ESB20-20;очищено (нет в ББ)
1407;ККО;Р9;Контактор модульный ABB ESB24-31;очищено (нет в ББ)
1408;ККО;Р9;Контактор модульный ABB ESB40-40;очищено (нет в ББ)
1409;ККО;Р9;Контактор модульный ABB ESB63-40;очищено (нет в ББ)
1410;ККО;Р9;Реле времени недельное ABB ATS;очищено (нет в ББ)
1411;ККО;Р9;Реле освещенности ABB TW, Датчик освещенности ABB LS-SP;очищено (нет в ББ)
1415;ККО;Р9;Устройство отключения неприоритетных цепей Legrand 038 13;очищено (нет в ББ)
1419;ККО;Р9;Электромеханический  недельный таймер ABB;очищено (нет в ББ)
1420;ККО;Р9;Выключатель нагрузки  Legrand 04345, 32А, 3-полюсный;очищено (нет в ББ)
1421;ККО;Р9;Выключатель нагрузки  Legrand 04350, 63А, 3-полюсный;очищено (нет в ББ)
1427;ККО;Р9;Консоль усиленная 300мм усиленная ВВН6030 DKC;очищено (нет в ББ)
1432;ККО;Р9;Установка одноклавишных выключателей  Schneider Electric BLANCA О/У 1-клавишный, 10А, 250B, цвет – Алюминий;очищено (нет в ББ)
1474;ККО;Р9;Установка розетки двойной накладной в запотолочном пространстве  Schneider;очищено (нет в ББ)
1477;ККО;Р9;"Выключатель одноклавишный в стену, DKC ""Avanti"", ""Белое облако""
4400103";очищено (нет в ББ)
1478;ККО;Р9;"Выключатель двухклавишный в стену, DKC ""Avanti"", ""Белое облако""
4400104";очищено (нет в ББ)
1498;ККО;Р9;Светильник светодиодный трековый LGD-GERA-4TR-R74-20W Day4000 (WH, 24 deg, 230V) КРАСНЫЙ RAL3020;очищено (нет в ББ)
1499;ККО;Р9;Трек LGD-4TR-TRACK-3000-WH-M  КРАСНЫЙ RAL3020;очищено (нет в ББ)
1500;ККО;Р9;Трек LGD-4TR-TRACK-2000-WH-M КРАСНЫЙ RAL3020;очищено (нет в ББ)
1501;ККО;Р9;Трек LGD-4TR-TRACK-1000-WH-M КРАСНЫЙ RAL3020;очищено (нет в ББ)
1506;ККО;Р9;ORTUS SORES 650 св-к накладной LED 53W/4000K (СЕРЫЙ RAL 7047 МАТОВЫЙ);очищено (нет в ББ)
1507;ККО;Р9;ORTUS SORES 650 св-к подвесной LED 53W/4000K подвес 1,5м (СЕРЫЙ RAL 7047 МАТОВЫЙ);очищено (нет в ББ)
1508;ККО;Р9;Лайтбокс  LED Высота114 мм.Диаметр 1000 мм RAL 3020,ORTUS SORES 1000 DIMM 0-10V, c функцией диммрования, произ;очищено (нет в ББ)
1509;ККО;Р9;Лайтбокс  LED Высота114 мм.Диаметр 1000 мм RAL 3020,ORTUS SORES 1000 DIMM 0-10V, без диммера, производство ООО;очищено (нет в ББ)
1510;ККО;Р9;Лайтбокс  LED Высота114 мм.Диаметр 1500 мм RAL 3020, ORTUS SORES 1500 DIMM 0-10V c функцией диммрования, произ;очищено (нет в ББ)
1511;ККО;Р9;Лайтбокс  LED Высота114 мм.Диаметр 2000 мм RAL 3020, ORTUS SORES 2000 DIMM 0-10V c функцией диммрования, произ;очищено (нет в ББ)
1512;ККО;Р9;Лайтбокс  LED Высота114 мм.Диаметр 2500 мм RAL 3020, ORTUS SORES 2500 DIMM 0-10V c функцией диммрования, произ;очищено (нет в ББ)
1513;ККО;Р9;Пульт дистанционного управления SMART-R10-DIM для лайтбоксов Профлед;очищено (нет в ББ)
1615;ККО;Р9;Напольный люк из нержавеющей стали квадратной формы для стяжки KR-SQ-4 на 4 розетки или 8 модулей Legrand;очищено (нет в ББ)
1616;ККО;Р9;Напольный люк из нержавеющей стали квадратной формы для стяжки KR-SQ-6на 6 розетки или 12 модулей Legrand;очищено (нет в ББ)
1617;ККО;Р9;"DKC Лючок напольный c изменяемой глубиной, 16 модулей
88316";очищено (нет в ББ)
1618;ККО;Р9;Лючок напольный SEG-Lux 250x250x100мм на 16 модуля арт. ALFB16M с розетками 2К+3 красного(Legrand Mozaic 07721;очищено (нет в ББ)
1629;ККО;Р9;Кабель-канал DLP 105х50 мм Legrand, включая заглушки, уголки и разделители.;очищено (нет в ББ)
1634;ККО;Р9;"Установка штепсельной розетки с заземлением в стену, 2P+E, с з/ш, DKC ""Avanti"", ""Белое облако"" (арт. 4400003),";очищено (нет в ББ)
1635;ККО;Р9;Установка розетки двойной накладной в запотолочном пространстве  Schneider;очищено (нет в ББ)
1636;ККО;Р9;"Установка одноклавишных выключателей  ""Legrand""  VALENA  с суппортом и  установочной коробкой Batibox";очищено (нет в ББ)
1637;ККО;Р9;"Выключатель одноклавишный в стену, DKC ""Avanti"", ""Белое облако""
4400103";очищено (нет в ББ)
1641;ККО;Р9;Распред коробка legrand;очищено (нет в ББ)
1649;ККО;Р9;Полоса 40х5 горячеоцинкованная NC2405 DKC;очищено (нет в ББ)
1650;ККО;Р9;Пруток 8 мм горячеоцинкованный NC1008 DKC;очищено (нет в ББ)
1651;ККО;Р9;Зажим угловой коньковый 100мм ND2202 DKC;очищено (нет в ББ)
1652;ККО;Р9;Держатель металлический для плоской кровли 100мм ND2106 DKC;очищено (нет в ББ)
1653;ККО;Р9;Держатель фасадный 100мм ND2307 DKC;очищено (нет в ББ)
1654;ККО;Р9;Заземлитель вертикальный из уголка 50х50х5мм 3м NE5503 DKC;очищено (нет в ББ)
1655;ККО;Р9;Соединитель универсальный NG3103 DKC;очищено (нет в ББ)
1656;ККО;Р9;Зажим параллельный D8-10мм NG3108 DKC;очищено (нет в ББ)
1657;ККО;Р9;Держатель прутка на водостоке с болтом ND2308 DKC;очищено (нет в ББ)
1658;ККО;Р9;Соединитель пруток - полоса, 80х80 мм NG3101 DKC;очищено (нет в ББ)
1659;ККО;Р9;Скоба-держатель полосы с болтом ND2312 DKC;очищено (нет в ББ)
