Строка;Стало;Наименование
1498;ККО;Светильник светодиодный трековый LGD-GERA-4TR-R74-20W Day4000 (WH, 24 deg, 230V) КРАСНЫЙ RAL3020
1499;ККО;Трек LGD-4TR-TRACK-3000-WH-M  КРАСНЫЙ RAL3020
1500;ККО;Трек LGD-4TR-TRACK-2000-WH-M КРАСНЫЙ RAL3020
1501;ККО;Трек LGD-4TR-TRACK-1000-WH-M КРАСНЫЙ RAL3020
1508;ККО;Лайтбокс  LED Высота114 мм.Диаметр 1000 мм RAL 3020,ORTUS SORES 1000 DIMM 0-10V, c функцией диммрования, произ
1509;ККО;Лайтбокс  LED Высота114 мм.Диаметр 1000 мм RAL 3020,ORTUS SORES 1000 DIMM 0-10V, без диммера, производство ООО
1510;ККО;Лайтбокс  LED Высота114 мм.Диаметр 1500 мм RAL 3020, ORTUS SORES 1500 DIMM 0-10V c функцией диммрования, произ
1511;ККО;Лайтбокс  LED Высота114 мм.Диаметр 2000 мм RAL 3020, ORTUS SORES 2000 DIMM 0-10V c функцией диммрования, произ
1512;ККО;Лайтбокс  LED Высота114 мм.Диаметр 2500 мм RAL 3020, ORTUS SORES 2500 DIMM 0-10V c функцией диммрования, произ
